application_id,total_assets,total_liabilities,net_worth,assets_breakdown,liabilities_breakdown,liquid_assets,fixed_assets
APP-2024-0001,157067.5,155866.5,1201.0,"{'Cash and Bank Accounts': 9524.0, 'Investment Accounts': 37405.0, 'Property/Real Estate': 89781.5, 'Personal Items': 16205.5, 'Other Assets': 4151.5}",{'Mortgage': 155866.5},46929.0,110138.5
APP-2024-0002,132666.0,18523.0,114143.0,"{'Cash and Bank Accounts': 46794.0, 'Investment Accounts': 16840.0, 'Vehicle': 26966.0, 'Personal Items': 40245.0, 'Other Assets': 1821.0}","{'Credit Card Debt': 6171.0, 'Personal Loan': 9941.0, 'Car Loan': 2411.0}",63634.0,69032.0
APP-2024-0003,2101217.5,520005.0,1581212.5,"{'Cash and Bank Accounts': 101607.5, 'Investment Accounts': 56802.5, 'Property/Real Estate': 1598882.5, 'Vehicle': 263055.0, 'Personal Items': 55372.5, 'Other Assets': 25497.5}","{'Credit Card Debt': 39980.0, 'Personal Loan': 63850.0, 'Car Loan': 161340.0, 'Mortgage': 254835.0}",158410.0,1942807.5
APP-2024-0004,108995.0,0.0,108995.0,"{'Cash and Bank Accounts': 41388.0, 'Investment Accounts': 45224.0, 'Personal Items': 14932.0, 'Other Assets': 7451.0}",{},86612.0,22383.0
APP-2024-0005,131802.0,35461.5,96340.5,"{'Cash and Bank Accounts': 19299.5, 'Investment Accounts': 30873.5, 'Vehicle': 59842.5, 'Personal Items': 21786.5}","{'Personal Loan': 8879.5, 'Car Loan': 26190.5, 'Other Debts': 391.5}",50173.0,81629.0
APP-2024-0006,59976.5,17143.5,42833.0,"{'Cash and Bank Accounts': 24930.5, 'Investment Accounts': 4194.5, 'Vehicle': 21260.5, 'Personal Items': 9591.0}","{'Personal Loan': 9046.5, 'Car Loan': 8097.0}",29125.0,30851.5
APP-2024-0007,68901.0,18512.5,50388.5,"{'Cash and Bank Accounts': 4935.0, 'Investment Accounts': 30609.0, 'Vehicle': 11435.5, 'Personal Items': 21921.5}","{'Credit Card Debt': 6361.0, 'Personal Loan': 6559.0, 'Car Loan': 5592.5}",35544.0,33357.0
APP-2024-0008,471440.0,338677.5,132762.5,"{'Cash and Bank Accounts': 89045.0, 'Investment Accounts': 169977.5, 'Property/Real Estate': 122460.0, 'Personal Items': 89957.5}","{'Personal Loan': 32677.5, 'Mortgage': 306000.0}",259022.5,212417.5
APP-2024-0009,120184.0,4712.0,115472.0,"{'Cash and Bank Accounts': 13554.0, 'Investment Accounts': 63433.0, 'Vehicle': 29473.0, 'Personal Items': 13724.0}","{'Credit Card Debt': 3255.0, 'Car Loan': 1457.0}",76987.0,43197.0
APP-2024-0010,2347475.0,1484632.5,862842.5,"{'Cash and Bank Accounts': 51860.0, 'Investment Accounts': 34027.5, 'Property/Real Estate': 2032370.0, 'Vehicle': 187572.5, 'Personal Items': 41645.0}","{'Credit Card Debt': 8150.0, 'Car Loan': 158437.5, 'Mortgage': 1308870.0, 'Other Debts': 9175.0}",85887.5,2261587.5
APP-2024-0011,517272.5,155897.5,361375.0,"{'Cash and Bank Accounts': 76572.5, 'Investment Accounts': 32645.0, 'Vehicle': 320962.5, 'Personal Items': 64955.0, 'Other Assets': 22137.5}","{'Credit Card Debt': 60810.0, 'Car Loan': 95087.5}",109217.5,408055.0
APP-2024-0012,120121.0,44458.5,75662.5,"{'Cash and Bank Accounts': 14325.0, 'Investment Accounts': 18916.5, 'Vehicle': 74208.5, 'Personal Items': 6523.5, 'Other Assets': 6147.5}","{'Credit Card Debt': 11123.5, 'Personal Loan': 20559.0, 'Car Loan': 12776.0}",33241.5,86879.5
APP-2024-0013,646840.0,201100.0,445740.0,"{'Cash and Bank Accounts': 70315.0, 'Investment Accounts': 195590.0, 'Vehicle': 353622.5, 'Personal Items': 25797.5, 'Other Assets': 1515.0}","{'Credit Card Debt': 10612.5, 'Personal Loan': 70185.0, 'Car Loan': 120302.5}",265905.0,380935.0
APP-2024-0014,1049162.0,680095.0,369067.0,"{'Cash and Bank Accounts': 49130.0, 'Investment Accounts': 81336.0, 'Property/Real Estate': 873061.0, 'Personal Items': 45635.0}","{'Personal Loan': 80442.0, 'Mortgage': 599653.0}",130466.0,918696.0
APP-2024-0015,58017.0,0.0,58017.0,"{'Cash and Bank Accounts': 38734.0, 'Investment Accounts': 1777.0, 'Personal Items': 17506.0}",{},40511.0,17506.0
APP-2024-0016,429220.0,140112.0,289108.0,"{'Cash and Bank Accounts': 30423.0, 'Investment Accounts': 7871.0, 'Property/Real Estate': 371663.0, 'Personal Items': 19263.0}","{'Credit Card Debt': 18953.0, 'Personal Loan': 29034.0, 'Mortgage': 92125.0}",38294.0,390926.0
APP-2024-0017,68767.5,18096.0,50671.5,"{'Cash and Bank Accounts': 9502.0, 'Investment Accounts': 36055.5, 'Vehicle': 12658.0, 'Personal Items': 10552.0}","{'Credit Card Debt': 9230.5, 'Car Loan': 8865.5}",45557.5,23210.0
APP-2024-0018,932662.0,450820.0,481842.0,"{'Cash and Bank Accounts': 32855.0, 'Investment Accounts': 87004.0, 'Property/Real Estate': 764587.0, 'Personal Items': 48216.0}","{'Credit Card Debt': 17250.0, 'Personal Loan': 30529.0, 'Mortgage': 403041.0}",119859.0,812803.0
APP-2024-0019,245130.0,27170.0,217960.0,"{'Cash and Bank Accounts': 106830.0, 'Investment Accounts': 59535.0, 'Personal Items': 78765.0}",{'Other Debts': 27170.0},166365.0,78765.0
APP-2024-0020,197468.0,40945.0,156523.0,"{'Cash and Bank Accounts': 10088.0, 'Investment Accounts': 25681.0, 'Vehicle': 138017.0, 'Personal Items': 23682.0}","{'Credit Card Debt': 13819.0, 'Car Loan': 27126.0}",35769.0,161699.0
APP-2024-0021,139060.0,88612.0,50448.0,"{'Cash and Bank Accounts': 10944.0, 'Investment Accounts': 46557.5, 'Vehicle': 56943.0, 'Personal Items': 24615.5}","{'Credit Card Debt': 8678.5, 'Personal Loan': 46684.0, 'Car Loan': 29858.0, 'Other Debts': 3391.5}",57501.5,81558.5
APP-2024-0022,473165.0,175462.5,297702.5,"{'Cash and Bank Accounts': 96927.5, 'Investment Accounts': 82550.0, 'Vehicle': 164347.5, 'Personal Items': 98520.0, 'Other Assets': 30820.0}","{'Credit Card Debt': 27570.0, 'Car Loan': 147892.5}",179477.5,293687.5
APP-2024-0023,270652.0,14972.0,255680.0,"{'Cash and Bank Accounts': 35277.0, 'Investment Accounts': 53528.0, 'Vehicle': 136735.0, 'Personal Items': 22590.0, 'Other Assets': 22522.0}",{'Car Loan': 14972.0},88805.0,181847.0
APP-2024-0024,118923.0,58250.0,60673.0,"{'Cash and Bank Accounts': 9117.5, 'Investment Accounts': 24607.5, 'Vehicle': 73777.0, 'Personal Items': 11421.0}","{'Credit Card Debt': 9040.0, 'Personal Loan': 24733.5, 'Car Loan': 24476.5}",33725.0,85198.0
APP-2024-0025,83973.0,90423.0,-6450.0,"{'Cash and Bank Accounts': 49300.0, 'Investment Accounts': 2999.0, 'Personal Items': 31674.0}",{'Personal Loan': 90423.0},52299.0,31674.0
APP-2024-0026,116655.0,49158.0,67497.0,"{'Cash and Bank Accounts': 20681.0, 'Investment Accounts': 76629.0, 'Personal Items': 19345.0}","{'Credit Card Debt': 11229.0, 'Personal Loan': 37929.0}",97310.0,19345.0
APP-2024-0027,216845.0,11352.0,205493.0,"{'Cash and Bank Accounts': 43347.0, 'Investment Accounts': 69574.0, 'Vehicle': 45863.0, 'Personal Items': 40215.0, 'Other Assets': 17846.0}","{'Credit Card Debt': 9767.0, 'Car Loan': 1585.0}",112921.0,103924.0
APP-2024-0028,132893.0,71186.0,61707.0,"{'Cash and Bank Accounts': 41343.0, 'Investment Accounts': 68638.0, 'Personal Items': 22912.0}","{'Credit Card Debt': 16131.0, 'Personal Loan': 55055.0}",109981.0,22912.0
APP-2024-0029,111392.0,40194.5,71197.5,"{'Cash and Bank Accounts': 16953.0, 'Investment Accounts': 17032.0, 'Vehicle': 50304.0, 'Personal Items': 22944.5, 'Other Assets': 4158.5}","{'Personal Loan': 7292.5, 'Car Loan': 32902.0}",33985.0,77407.0
APP-2024-0030,233885.0,222895.0,10990.0,"{'Cash and Bank Accounts': 55152.5, 'Investment Accounts': 55465.0, 'Vehicle': 91757.5, 'Personal Items': 31510.0}","{'Credit Card Debt': 38625.0, 'Car Loan': 184270.0}",110617.5,123267.5
APP-2024-0031,80981.0,10943.0,70038.0,"{'Cash and Bank Accounts': 6667.0, 'Investment Accounts': 54256.0, 'Personal Items': 11029.0, 'Other Assets': 9029.0}",{'Personal Loan': 10943.0},60923.0,20058.0
APP-2024-0032,261430.0,131151.0,130279.0,"{'Cash and Bank Accounts': 17115.0, 'Investment Accounts': 97143.0, 'Vehicle': 116154.0, 'Personal Items': 22374.0, 'Other Assets': 8644.0}","{'Personal Loan': 56317.0, 'Car Loan': 74834.0}",114258.0,147172.0
APP-2024-0033,76348.0,37861.0,38487.0,"{'Cash and Bank Accounts': 12297.0, 'Investment Accounts': 37637.5, 'Vehicle': 12921.5, 'Personal Items': 13492.0}","{'Credit Card Debt': 3343.0, 'Personal Loan': 9378.5, 'Car Loan': 23981.5, 'Other Debts': 1158.0}",49934.5,26413.5
APP-2024-0034,249274.0,121714.0,127560.0,"{'Cash and Bank Accounts': 35023.0, 'Investment Accounts': 44643.0, 'Vehicle': 125294.0, 'Personal Items': 44314.0}","{'Credit Card Debt': 16390.0, 'Personal Loan': 31004.0, 'Car Loan': 74320.0}",79666.0,169608.0
APP-2024-0035,765325.0,263757.5,501567.5,"{'Cash and Bank Accounts': 94782.5, 'Investment Accounts': 203312.5, 'Vehicle': 363665.0, 'Personal Items': 103565.0}","{'Personal Loan': 104382.5, 'Car Loan': 159375.0}",298095.0,467230.0
APP-2024-0036,759120.0,160007.5,599112.5,"{'Cash and Bank Accounts': 111602.5, 'Investment Accounts': 244385.0, 'Vehicle': 315117.5, 'Personal Items': 75450.0, 'Other Assets': 12565.0}",{'Car Loan': 160007.5},355987.5,403132.5
APP-2024-0037,173863.5,109358.5,64505.0,"{'Cash and Bank Accounts': 6780.0, 'Investment Accounts': 10068.5, 'Property/Real Estate': 67482.0, 'Vehicle': 66344.5, 'Personal Items': 23188.5}","{'Car Loan': 28314.0, 'Mortgage': 81044.5}",16848.5,157015.0
APP-2024-0038,195400.0,0.0,195400.0,"{'Cash and Bank Accounts': 113210.0, 'Investment Accounts': 49370.0, 'Personal Items': 32820.0}",{},162580.0,32820.0
APP-2024-0039,198627.5,701897.5,-503270.0,"{'Cash and Bank Accounts': 56237.5, 'Investment Accounts': 4882.5, 'Property/Real Estate': 60795.0, 'Personal Items': 76712.5}","{'Personal Loan': 17832.5, 'Mortgage': 684065.0}",61120.0,137507.5
APP-2024-0040,127627.0,57597.0,70030.0,"{'Cash and Bank Accounts': 15411.0, 'Investment Accounts': 28472.0, 'Vehicle': 50817.0, 'Personal Items': 17165.0, 'Other Assets': 15762.0}","{'Credit Card Debt': 15985.0, 'Car Loan': 41612.0}",43883.0,83744.0
APP-2024-0041,165752.0,16358.0,149394.0,"{'Cash and Bank Accounts': 43731.0, 'Investment Accounts': 7158.0, 'Vehicle': 87608.0, 'Personal Items': 27255.0}",{'Car Loan': 16358.0},50889.0,114863.0
APP-2024-0042,59050.5,49531.5,9519.0,"{'Cash and Bank Accounts': 17762.5, 'Investment Accounts': 18019.5, 'Personal Items': 23268.5}","{'Credit Card Debt': 645.0, 'Personal Loan': 48886.5}",35782.0,23268.5
APP-2024-0043,1175365.0,660817.0,514548.0,"{'Cash and Bank Accounts': 13236.0, 'Investment Accounts': 91397.0, 'Property/Real Estate': 984365.0, 'Vehicle': 42133.0, 'Personal Items': 44234.0}","{'Personal Loan': 54777.0, 'Car Loan': 10325.0, 'Mortgage': 593272.0, 'Other Debts': 2443.0}",104633.0,1070732.0
APP-2024-0044,110301.5,8633.5,101668.0,"{'Cash and Bank Accounts': 2670.0, 'Investment Accounts': 12725.5, 'Vehicle': 72130.0, 'Personal Items': 10888.0, 'Other Assets': 11888.0}","{'Credit Card Debt': 1162.0, 'Car Loan': 6994.0, 'Other Debts': 477.5}",15395.5,94906.0
APP-2024-0045,72303.5,0.0,72303.5,"{'Cash and Bank Accounts': 13967.0, 'Investment Accounts': 44227.0, 'Personal Items': 14109.5}",{},58194.0,14109.5
APP-2024-0046,272572.5,120069.5,152503.0,"{'Cash and Bank Accounts': 4209.0, 'Investment Accounts': 28340.0, 'Property/Real Estate': 207971.0, 'Personal Items': 22296.0, 'Other Assets': 9756.5}","{'Personal Loan': 25890.5, 'Mortgage': 94179.0}",32549.0,240023.5
APP-2024-0047,454675.0,677909.0,-223234.0,"{'Cash and Bank Accounts': 31377.0, 'Investment Accounts': 51308.0, 'Property/Real Estate': 202440.0, 'Vehicle': 135184.0, 'Personal Items': 28657.0, 'Other Assets': 5709.0}","{'Car Loan': 33944.0, 'Mortgage': 643965.0}",82685.0,371990.0
APP-2024-0048,296544.0,54052.0,242492.0,"{'Cash and Bank Accounts': 31805.0, 'Investment Accounts': 52449.0, 'Vehicle': 145706.0, 'Personal Items': 48162.0, 'Other Assets': 18422.0}","{'Credit Card Debt': 2080.0, 'Car Loan': 51972.0}",84254.0,212290.0
APP-2024-0049,311495.0,232041.0,79454.0,"{'Cash and Bank Accounts': 5481.0, 'Investment Accounts': 22485.0, 'Property/Real Estate': 205124.0, 'Vehicle': 52729.0, 'Personal Items': 24141.0, 'Other Assets': 1535.0}","{'Credit Card Debt': 11879.0, 'Personal Loan': 17734.5, 'Car Loan': 6979.0, 'Mortgage': 195448.5}",27966.0,283529.0
APP-2024-0050,157877.0,30152.0,127725.0,"{'Cash and Bank Accounts': 34934.0, 'Investment Accounts': 87945.0, 'Personal Items': 34998.0}","{'Personal Loan': 22454.0, 'Other Debts': 7698.0}",122879.0,34998.0
APP-2024-0051,85258.0,17639.0,67619.0,"{'Cash and Bank Accounts': 20347.0, 'Investment Accounts': 35331.5, 'Personal Items': 24990.0, 'Other Assets': 4589.5}","{'Credit Card Debt': 11941.5, 'Other Debts': 5697.5}",55678.5,29579.5
APP-2024-0052,387175.5,304219.0,82956.5,"{'Cash and Bank Accounts': 4945.0, 'Investment Accounts': 13886.5, 'Property/Real Estate': 356001.0, 'Personal Items': 6237.5, 'Other Assets': 6105.5}",{'Mortgage': 304219.0},18831.5,368344.0
APP-2024-0053,1094096.0,728662.0,365434.0,"{'Cash and Bank Accounts': 36586.0, 'Investment Accounts': 83843.0, 'Property/Real Estate': 885347.0, 'Vehicle': 60609.0, 'Personal Items': 27711.0}","{'Credit Card Debt': 21648.0, 'Car Loan': 62634.0, 'Mortgage': 644380.0}",120429.0,973667.0
APP-2024-0054,439422.5,455975.0,-16552.5,"{'Cash and Bank Accounts': 13197.5, 'Investment Accounts': 226515.0, 'Vehicle': 94015.0, 'Personal Items': 105695.0}","{'Credit Card Debt': 29292.5, 'Personal Loan': 228470.0, 'Car Loan': 198212.5}",239712.5,199710.0
APP-2024-0055,244232.5,88617.5,155615.0,"{'Cash and Bank Accounts': 38575.0, 'Investment Accounts': 57870.0, 'Personal Items': 116580.0, 'Other Assets': 31207.5}","{'Credit Card Debt': 54537.5, 'Personal Loan': 34080.0}",96445.0,147787.5
APP-2024-0056,457076.5,197774.0,259302.5,"{'Cash and Bank Accounts': 17659.0, 'Investment Accounts': 25078.5, 'Property/Real Estate': 390659.5, 'Personal Items': 15946.0, 'Other Assets': 7733.5}","{'Credit Card Debt': 10190.5, 'Mortgage': 182441.0, 'Other Debts': 5142.5}",42737.5,414339.0
APP-2024-0057,477655.0,194975.0,282680.0,"{'Cash and Bank Accounts': 119955.0, 'Investment Accounts': 216857.5, 'Vehicle': 65570.0, 'Personal Items': 75272.5}","{'Credit Card Debt': 30547.5, 'Car Loan': 164427.5}",336812.5,140842.5
APP-2024-0058,47431.5,0.0,47431.5,"{'Cash and Bank Accounts': 16423.0, 'Investment Accounts': 24964.5, 'Personal Items': 6044.0}",{},41387.5,6044.0
APP-2024-0059,536245.0,164205.0,372040.0,"{'Cash and Bank Accounts': 49122.5, 'Investment Accounts': 104897.5, 'Property/Real Estate': 270180.0, 'Personal Items': 112045.0}","{'Credit Card Debt': 32332.5, 'Mortgage': 131872.5}",154020.0,382225.0
APP-2024-0060,43935.0,0.0,43935.0,"{'Cash and Bank Accounts': 2789.5, 'Investment Accounts': 35167.5, 'Personal Items': 5978.0}",{},37957.0,5978.0
APP-2024-0061,1422665.0,332605.0,1090060.0,"{'Cash and Bank Accounts': 92170.0, 'Investment Accounts': 184145.0, 'Property/Real Estate': 1081262.5, 'Personal Items': 65087.5}","{'Mortgage': 303230.0, 'Other Debts': 29375.0}",276315.0,1146350.0
APP-2024-0062,491797.0,395429.0,96368.0,"{'Cash and Bank Accounts': 2841.0, 'Investment Accounts': 32927.0, 'Property/Real Estate': 446362.5, 'Personal Items': 9666.5}","{'Mortgage': 393696.5, 'Other Debts': 1732.5}",35768.0,456029.0
APP-2024-0063,274559.0,64657.0,209902.0,"{'Cash and Bank Accounts': 33154.0, 'Investment Accounts': 99128.0, 'Vehicle': 126503.0, 'Personal Items': 15774.0}","{'Credit Card Debt': 10907.0, 'Car Loan': 47543.0, 'Other Debts': 6207.0}",132282.0,142277.0
APP-2024-0064,1734085.0,1433930.0,300155.0,"{'Cash and Bank Accounts': 112952.5, 'Investment Accounts': 116890.0, 'Property/Real Estate': 1464762.5, 'Personal Items': 39480.0}","{'Credit Card Debt': 8107.5, 'Mortgage': 1425822.5}",229842.5,1504242.5
APP-2024-0065,60057.5,26262.5,33795.0,"{'Cash and Bank Accounts': 7569.5, 'Investment Accounts': 26083.0, 'Vehicle': 17664.0, 'Personal Items': 8741.0}",{'Car Loan': 26262.5},33652.5,26405.0
APP-2024-0066,208989.0,526284.0,-317295.0,"{'Cash and Bank Accounts': 32737.0, 'Investment Accounts': 31079.0, 'Property/Real Estate': 122107.0, 'Personal Items': 23066.0}","{'Credit Card Debt': 21062.0, 'Personal Loan': 7181.0, 'Mortgage': 483446.0, 'Other Debts': 14595.0}",63816.0,145173.0
APP-2024-0067,1897912.5,1186585.0,711327.5,"{'Cash and Bank Accounts': 112832.5, 'Investment Accounts': 189125.0, 'Property/Real Estate': 1334397.5, 'Vehicle': 205097.5, 'Personal Items': 56460.0}","{'Car Loan': 84115.0, 'Mortgage': 1102470.0}",301957.5,1595955.0
APP-2024-0068,70071.5,372073.0,-302001.5,"{'Cash and Bank Accounts': 3724.0, 'Investment Accounts': 18574.5, 'Property/Real Estate': 1678.0, 'Vehicle': 23449.5, 'Personal Items': 22645.5}","{'Car Loan': 23462.0, 'Mortgage': 348611.0}",22298.5,47773.0
APP-2024-0069,533633.5,163904.0,369729.5,"{'Cash and Bank Accounts': 15963.0, 'Investment Accounts': 3216.0, 'Property/Real Estate': 493602.5, 'Personal Items': 20852.0}","{'Mortgage': 156988.5, 'Other Debts': 6915.5}",19179.0,514454.5
APP-2024-0070,41335.5,11475.0,29860.5,"{'Cash and Bank Accounts': 12196.0, 'Investment Accounts': 15256.5, 'Personal Items': 13883.0}","{'Credit Card Debt': 3648.0, 'Personal Loan': 7399.0, 'Other Debts': 428.0}",27452.5,13883.0
APP-2024-0071,429549.0,231062.0,198487.0,"{'Cash and Bank Accounts': 45517.0, 'Investment Accounts': 14164.0, 'Property/Real Estate': 322906.0, 'Vehicle': 34867.0, 'Personal Items': 12095.0}","{'Car Loan': 58106.0, 'Mortgage': 172956.0}",59681.0,369868.0
APP-2024-0072,163704.0,420360.5,-256656.5,"{'Cash and Bank Accounts': 19238.5, 'Investment Accounts': 34263.5, 'Property/Real Estate': 18182.5, 'Vehicle': 67808.0, 'Personal Items': 24211.5}","{'Credit Card Debt': 4531.0, 'Car Loan': 39514.5, 'Mortgage': 376315.0}",53502.0,110202.0
APP-2024-0073,523170.5,289607.0,233563.5,"{'Cash and Bank Accounts': 5836.0, 'Investment Accounts': 14136.5, 'Property/Real Estate': 479422.5, 'Vehicle': 14619.0, 'Personal Items': 9156.5}","{'Car Loan': 15176.0, 'Mortgage': 274431.0}",19972.5,503198.0
APP-2024-0074,1157770.0,2036915.0,-879145.0,"{'Cash and Bank Accounts': 69772.5, 'Investment Accounts': 194147.5, 'Property/Real Estate': 768902.5, 'Personal Items': 124947.5}","{'Credit Card Debt': 44885.0, 'Mortgage': 1992030.0}",263920.0,893850.0
APP-2024-0075,351805.0,79515.0,272290.0,"{'Cash and Bank Accounts': 67290.0, 'Investment Accounts': 141912.5, 'Vehicle': 95032.5, 'Personal Items': 29917.5, 'Other Assets': 17652.5}","{'Personal Loan': 20765.0, 'Car Loan': 58750.0}",209202.5,142602.5
APP-2024-0076,145509.0,39070.0,106439.0,"{'Cash and Bank Accounts': 15341.0, 'Investment Accounts': 8920.0, 'Vehicle': 87236.0, 'Personal Items': 34012.0}",{'Car Loan': 39070.0},24261.0,121248.0
APP-2024-0077,193596.0,35865.0,157731.0,"{'Cash and Bank Accounts': 46066.0, 'Investment Accounts': 17557.0, 'Vehicle': 105071.0, 'Personal Items': 24902.0}","{'Credit Card Debt': 13868.0, 'Car Loan': 19149.0, 'Other Debts': 2848.0}",63623.0,129973.0
APP-2024-0078,154698.0,69641.0,85057.0,"{'Cash and Bank Accounts': 10781.0, 'Investment Accounts': 15957.0, 'Vehicle': 106371.0, 'Personal Items': 21589.0}","{'Credit Card Debt': 14210.0, 'Car Loan': 55431.0}",26738.0,127960.0
APP-2024-0079,437463.5,399135.5,38328.0,"{'Cash and Bank Accounts': 20830.0, 'Investment Accounts': 39997.5, 'Property/Real Estate': 360082.0, 'Personal Items': 16554.0}","{'Credit Card Debt': 3490.0, 'Personal Loan': 22308.0, 'Mortgage': 373337.5}",60827.5,376636.0
APP-2024-0080,560232.5,337632.0,222600.5,"{'Cash and Bank Accounts': 20140.0, 'Investment Accounts': 36690.5, 'Property/Real Estate': 468163.5, 'Vehicle': 12864.5, 'Personal Items': 22374.0}","{'Credit Card Debt': 11793.0, 'Car Loan': 37695.5, 'Mortgage': 288143.5}",56830.5,503402.0
APP-2024-0081,67455.0,39316.0,28139.0,"{'Cash and Bank Accounts': 9354.0, 'Investment Accounts': 19759.0, 'Personal Items': 23026.0, 'Other Assets': 15316.0}",{'Personal Loan': 39316.0},29113.0,38342.0
APP-2024-0082,442997.0,365842.5,77154.5,"{'Cash and Bank Accounts': 20958.5, 'Investment Accounts': 9235.5, 'Property/Real Estate': 397907.0, 'Personal Items': 14896.0}",{'Mortgage': 365842.5},30194.0,412803.0
APP-2024-0083,326127.5,192855.0,133272.5,"{'Cash and Bank Accounts': 36410.0, 'Investment Accounts': 228052.5, 'Personal Items': 61665.0}",{'Personal Loan': 192855.0},264462.5,61665.0
APP-2024-0084,85470.5,31981.5,53489.0,"{'Cash and Bank Accounts': 15131.5, 'Investment Accounts': 45511.5, 'Personal Items': 19769.0, 'Other Assets': 5058.5}",{'Personal Loan': 31981.5},60643.0,24827.5
APP-2024-0085,3048437.5,649347.5,2399090.0,"{'Cash and Bank Accounts': 76527.5, 'Investment Accounts': 117217.5, 'Property/Real Estate': 2401232.5, 'Vehicle': 299482.5, 'Personal Items': 117572.5, 'Other Assets': 36405.0}","{'Car Loan': 65602.5, 'Mortgage': 583745.0}",193745.0,2854692.5
APP-2024-0086,550057.5,87188.5,462869.0,"{'Cash and Bank Accounts': 9632.0, 'Investment Accounts': 7531.5, 'Property/Real Estate': 451014.0, 'Vehicle': 69044.0, 'Personal Items': 12836.0}","{'Personal Loan': 47965.0, 'Car Loan': 2083.0, 'Mortgage': 33919.0, 'Other Debts': 3221.5}",17163.5,532894.0
APP-2024-0087,242075.0,32683.0,209392.0,"{'Cash and Bank Accounts': 47620.0, 'Investment Accounts': 48080.0, 'Vehicle': 111034.0, 'Personal Items': 35341.0}",{'Car Loan': 32683.0},95700.0,146375.0
APP-2024-0088,1126497.0,618274.0,508223.0,"{'Cash and Bank Accounts': 13250.0, 'Investment Accounts': 19823.0, 'Property/Real Estate': 946548.0, 'Vehicle': 102099.0, 'Personal Items': 44777.0}","{'Credit Card Debt': 14333.0, 'Personal Loan': 21192.0, 'Car Loan': 42314.0, 'Mortgage': 540435.0}",33073.0,1093424.0
APP-2024-0089,1171613.0,375256.0,796357.0,"{'Cash and Bank Accounts': 34325.0, 'Investment Accounts': 91227.0, 'Property/Real Estate': 954374.0, 'Vehicle': 67844.0, 'Personal Items': 23843.0}","{'Car Loan': 30994.0, 'Mortgage': 344262.0}",125552.0,1046061.0
APP-2024-0090,1921247.5,465042.5,1456205.0,"{'Cash and Bank Accounts': 39790.0, 'Investment Accounts': 180175.0, 'Property/Real Estate': 1559137.5, 'Personal Items': 117470.0, 'Other Assets': 24675.0}","{'Credit Card Debt': 2680.0, 'Personal Loan': 36932.5, 'Mortgage': 395835.0, 'Other Debts': 29595.0}",219965.0,1701282.5
APP-2024-0091,322012.5,171052.5,150960.0,"{'Cash and Bank Accounts': 59657.5, 'Investment Accounts': 120690.0, 'Personal Items': 121402.5, 'Other Assets': 20262.5}","{'Credit Card Debt': 52735.0, 'Personal Loan': 118317.5}",180347.5,141665.0
APP-2024-0092,66417.5,38156.5,28261.0,"{'Cash and Bank Accounts': 6610.0, 'Investment Accounts': 47175.5, 'Personal Items': 12632.0}",{'Personal Loan': 38156.5},53785.5,12632.0
APP-2024-0093,111515.5,38839.5,72676.0,"{'Cash and Bank Accounts': 15170.5, 'Investment Accounts': 32811.5, 'Vehicle': 52476.0, 'Personal Items': 6253.5, 'Other Assets': 4804.0}","{'Car Loan': 37790.5, 'Other Debts': 1049.0}",47982.0,63533.5
APP-2024-0094,144223.0,42961.0,101262.0,"{'Cash and Bank Accounts': 36832.0, 'Investment Accounts': 8853.0, 'Vehicle': 55917.0, 'Personal Items': 42621.0}",{'Car Loan': 42961.0},45685.0,98538.0
APP-2024-0095,1780295.0,1752405.0,27890.0,"{'Cash and Bank Accounts': 75935.0, 'Investment Accounts': 170057.5, 'Property/Real Estate': 1086905.0, 'Vehicle': 310617.5, 'Personal Items': 122190.0, 'Other Assets': 14590.0}","{'Credit Card Debt': 16497.5, 'Personal Loan': 131345.0, 'Car Loan': 180340.0, 'Mortgage': 1424222.5}",245992.5,1534302.5
APP-2024-0096,87001.5,22194.0,64807.5,"{'Cash and Bank Accounts': 21344.0, 'Investment Accounts': 2212.5, 'Vehicle': 42665.5, 'Personal Items': 20779.5}","{'Credit Card Debt': 6820.0, 'Car Loan': 14890.5, 'Other Debts': 483.5}",23556.5,63445.0
APP-2024-0097,111747.0,34173.0,77574.0,"{'Cash and Bank Accounts': 20412.0, 'Investment Accounts': 24305.0, 'Personal Items': 47068.0, 'Other Assets': 19962.0}","{'Credit Card Debt': 23863.0, 'Other Debts': 10310.0}",44717.0,67030.0
APP-2024-0098,39311.5,71355.5,-32044.0,"{'Cash and Bank Accounts': 6754.0, 'Investment Accounts': 10849.0, 'Property/Real Estate': 9926.5, 'Personal Items': 11782.0}","{'Personal Loan': 37292.0, 'Mortgage': 29438.0, 'Other Debts': 4625.5}",17603.0,21708.5
APP-2024-0099,192360.0,182602.0,9758.0,"{'Cash and Bank Accounts': 15995.5, 'Investment Accounts': 46459.5, 'Property/Real Estate': 68546.0, 'Vehicle': 53212.5, 'Personal Items': 8146.5}","{'Credit Card Debt': 7603.5, 'Car Loan': 13107.0, 'Mortgage': 161891.5}",62455.0,129905.0
APP-2024-0100,547250.0,15967.5,531282.5,"{'Cash and Bank Accounts': 116970.0, 'Investment Accounts': 72265.0, 'Vehicle': 324660.0, 'Personal Items': 33355.0}","{'Credit Card Debt': 1520.0, 'Car Loan': 14447.5}",189235.0,358015.0
